<lwresponse>
    <service_version>v2</service_version>
    <requested_url>/v2/quality-translation-async/eng.fra/786601.c4457dedcd90760e796c490de15252ea/lpid=1263</requested_url>
    <request_type>GET</request_type>
    <request_time>Fri Feb 18 16:58:14 2011</request_time>
    <source_language>eng</source_language>
    <target_language>fra</target_language>
    <response_data type='quality-translation-async_get_text'>
        <job_id>786601</job_id>
        <translation_signature>c4457dedcd90760e796c490de15252ea</translation_signature>
        <src>eng</src>
        <tgt>fra</tgt>
        <lpid>1263</lpid>
        <state>failed</state>
        <input_byte_size>0</input_byte_size>
        <output_byte_size>0</output_byte_size>
        <input_word_count>0</input_word_count>
        <score>6.7</score>
        <source><![CDATA[]]></source>
        <target><![CDATA[<div><H1>The H MAN</H1><p>about H Man</p></div>]]></target>
        </response_data>
</lwresponse>