<?xml version="1.0" encoding="UTF-8"?>

<!--
    Document   : DitaTopic1.Xml.xml
    Created on : February 14, 2011, 11:13 AM
    Author     : dghevde
    Description:
        Purpose of the document follows.
-->

<DOCUMENT id='bt_obtain_license_file' title='Obtaining a License File' navtitle='Obtaining a License File' searchtitle='Obtaining a License File' doctype='task' resource_type='doc' pubid='LiveContentDoc' standard='DITA' lang='en' extension='xml' filename='bt_obtain_license_file.xml' modified_date='2011-02-01T13:15:45.067-05:00'>
<div id="translation_quality">999.999</div>
<task id='bt_obtain_license_file' domains='(topic ui-d) (topic hi-d) (topic pr-d) (topic sw-d)                          (topic ut-d) (topic indexing-d)' class='- topic/topic task/task '>
<title class='- topic/title '>Obtaining a License File</title>
<taskbody class='- topic/body task/taskbody '>
<context id='context_C72D9E51C7F541C69C4A0414988B5136' class='- topic/section task/context '>
<p class='- topic/p '>
It is strongly recommended that you obtain your license file before installing SDL LiveContent.
<indexterm class='- topic/indexterm ' id='N10013'>
installing
<indexterm class='- topic/indexterm ' id='N10016'>obtaining licenses</indexterm>
</indexterm>
<indexterm class='- topic/indexterm ' id='N10019'>
aggregating
<indexterm class='- topic/indexterm ' id='N1001C'>licensing</indexterm>
</indexterm>
<indexterm class='- topic/indexterm ' id='N1001F'>
packaging
<indexterm class='- topic/indexterm ' id='N10022'>licensing</indexterm>
</indexterm>
<indexterm class='- topic/indexterm ' id='N10025'>licenses</indexterm>

</p>
<p class='- topic/p '>
Aggregation servers, which are used to aggregate audit trails and completed forms, and packaging servers, which are used to create LiveContent packages to distribute to users, also require a license file.  The packaging feature requires a license token.
</p>
<p class='- topic/p '>
To obtain a license file, contact SDL Technical Services and provide them the following information.
</p>
</context>
<steps id='steps_8D74D14B296A4A2AB5374F34B102845F' class='- topic/ol task/steps '>
<step id='step_66218D5653664F7C8FA17659033A422B' class='- topic/li task/step '>
<cmd class='- topic/ph task/cmd '>Provide your site code.</cmd>
<info class='- topic/itemgroup task/info '>
<p class='- topic/p '>
Your site code is listed in the implementation package under contact information for your company. The site code also appears as your Customer Number on SDL or XyEnterprise invoices and in existing license files.
</p>
</info>
</step>
<step id='step_CC31E9D6877E4C67BF7AA1D3B1D6BCB5' class='- topic/li task/step '>
<cmd class='- topic/ph task/cmd '>
Provide the host name of the designated server.  To find the host name, do one of the following:
</cmd>
<substeps id='substeps_0CE144357D2E48169B7D403558C9E7F8' class='- topic/ol task/substeps '>
<substep id='substep_E96D69F7186E4219806BB0F1072B42F6' platform='Windows' class='- topic/li task/substep '>
<cmd class='- topic/ph task/cmd '>
On Windows, right-click the
<uicontrol class='+ topic/ph ui-d/uicontrol '>My Computer</uicontrol>
 icon on your desktop, then click
<uicontrol class='+ topic/ph ui-d/uicontrol '>Properties</uicontrol>.</cmd>
<info class='- topic/itemgroup task/info '>
On the Computer Name tab, the host name is displayed as the Full computer name.
</info>
</substep>
<substep id='substep_0739B542BD3443BFB5D90104CC1D2071' platform='UNIX' class='- topic/li task/substep '>
<cmd class='- topic/ph task/cmd '>
On UNIX, at a command prompt, type
<userinput class='+ topic/ph sw-d/userinput '>hostname</userinput>.</cmd>
<stepresult class='- topic/itemgroup task/stepresult '/>
</substep>
</substeps>
<info otherprops='41458' class='- topic/itemgroup task/info '>
Indicate only the host name (for example, neptune) and not the fully qualified host name (for example, neptune.global.corp).
</info>
</step>
</steps>
<result id='result_D2E225DB4B2F43D0A76DCA49B231767A' class='- topic/section task/result '>
<note class='- topic/note '>
You may choose to install LiveContent without a license file,
but it will run with the following limited functionality until you obtain and install a valid license file:
</note>
<ul id='ul_16D081D06A3A460FBB125AAFF13D17A1' class='- topic/ul '>
<li id='li_33EEC9E4E1C84B3DA393BADC18C0D574' class='- topic/li '>Only 30 concurrent users can view publications.</li>
<li id='li_2E3FA08F77854B32B8D2F10DDAA56442' class='- topic/li '>
Documents and graphics cannot be uploaded and publications cannot be prepared.
</li>
</ul>
</result>
</taskbody>
<related-links class='- topic/related-links '>
<linkpool class='- topic/linkpool '/>
<linkpool class='- topic/linkpool '>
<link class='- topic/link ' mapclass='- map/topicref ' format='dita' href='best_practices_packaging.xml' navtitle='Best Practices, Guidelines, and Caveats for Packaging' scope='local' type='concept' lc:uuid='N1031F' lc:depth='5' lc:resource='bbdd97d1-21e3-495b-8a52-0a772bb55aa2.xml' lc:docid='best_practices_packaging' lc:filename='best_practices_packaging.xml' role='friend'>
<linktext class='- topic/linktext '>
Best Practices, Guidelines, and Caveats for Packaging
</linktext>
</link>
</linkpool>
<linkpool class='- topic/linkpool '>
<link class='- topic/link ' mapclass='- map/topicref ' format='dita' href='../Install/bt_install_6652_11.xml' navtitle='Installing SDL LiveContent' scope='local' type='task' lc:uuid='N1034A' lc:depth='5' lc:resource='43f08e01-29bc-450d-b7e3-8648d109303c.xml' lc:docid='bt_install' lc:filename='bt_install_6652_11.xml' role='next'>
<linktext class='- topic/linktext '>Installing SDL LiveContent</linktext>
</link>
</linkpool>
</related-links>
</task>
</DOCUMENT>